{
  "items": [
    {
      "type": "group",
      "ctime": 1699608845192,
      "items": [
        {
          "type": "file",
          "ctime": 1699608950486,
          "path": "40 - Obsidian/主页/Home/00. 主页.md",
          "title": "🏛️ Homepage"
        },
        {
          "type": "file",
          "ctime": 1699609034433,
          "path": "10 - 人员管理/家人/信渺.md",
          "title": "🚀 My timeline"
        },
        {
          "type": "file",
          "ctime": 1699609266247,
          "path": "00 - 计划记录/Inbox/Inbox.md",
          "title": "📥 Inbox"
        },
        {
          "type": "file",
          "ctime": 1699609361778,
          "path": "40 - Obsidian/主页/工具栏/卡片,概念.md",
          "title": "📇 Card Box"
        },
        {
          "type": "file",
          "ctime": 1699609421455,
          "path": "40 - Obsidian/主页/Home/00. 参考汇总.md",
          "title": "💻 Information"
        },
        {
          "type": "file",
          "ctime": 1699609482160,
          "path": "40 - Obsidian/主页/Home/图书馆.md",
          "title": "🎄 Library"
        }
      ],
      "title": "🗺️ 清仪园"
    },
    {
      "type": "group",
      "ctime": 1699609466189,
      "items": [
        {
          "type": "file",
          "ctime": 1699610231026,
          "path": "40 - Obsidian/44 设置/设置,obsidian/obsidian,设置,笔记组织方法/obsidian,设置,笔记组织方法.md"
        },
        {
          "type": "file",
          "ctime": 1699610252701,
          "path": "40 - Obsidian/44 设置/设置,obsidian/设置,obsidian,插件/设置,obsidian,插件.md"
        },
        {
          "type": "file",
          "ctime": 1699631710493,
          "path": "00 - 计划记录/Inbox/README.md"
        }
      ],
      "title": "🔍管中窥"
    },
    {
      "type": "group",
      "ctime": 1699609502512,
      "items": [
        {
          "type": "file",
          "ctime": 1699609604026,
          "path": "00 - 计划记录/信手拈来/信手拈来.md",
          "title": "📥 信手拈来"
        }
      ],
      "title": "🍀 心行迹"
    }
  ]
}